{
  "latest": "1.21.8",
  "versions": {
    "1.21.8": "https://api.papermc.io/v2/projects/paper/versions/1.21.8/builds/39/downloads/paper-1.21.8-39.jar",
    "1.21.7": "https://api.papermc.io/v2/projects/paper/versions/1.21.7/builds/32/downloads/paper-1.21.7-32.jar",
    "1.21.6": "https://api.papermc.io/v2/projects/paper/versions/1.21.6/builds/48/downloads/paper-1.21.6-48.jar",
    "1.21.5": "https://api.papermc.io/v2/projects/paper/versions/1.21.5/builds/114/downloads/paper-1.21.5-114.jar",
    "1.21.4": "https://api.papermc.io/v2/projects/paper/versions/1.21.4/builds/232/downloads/paper-1.21.4-232.jar",
    "1.21.3": "https://api.papermc.io/v2/projects/paper/versions/1.21.3/builds/83/downloads/paper-1.21.3-83.jar",
    "1.21.1": "https://api.papermc.io/v2/projects/paper/versions/1.21.1/builds/133/downloads/paper-1.21.1-133.jar",
    "1.21": "https://api.papermc.io/v2/projects/paper/versions/1.21/builds/130/downloads/paper-1.21-130.jar",
    "1.20.6": "https://api.papermc.io/v2/projects/paper/versions/1.20.6/builds/151/downloads/paper-1.20.6-151.jar",
    "1.20.5": "https://api.papermc.io/v2/projects/paper/versions/1.20.5/builds/22/downloads/paper-1.20.5-22.jar",
    "1.20.4": "https://api.papermc.io/v2/projects/paper/versions/1.20.4/builds/499/downloads/paper-1.20.4-499.jar",
    "1.20.2": "https://api.papermc.io/v2/projects/paper/versions/1.20.2/builds/318/downloads/paper-1.20.2-318.jar",
    "1.20.1": "https://api.papermc.io/v2/projects/paper/versions/1.20.1/builds/196/downloads/paper-1.20.1-196.jar",
    "1.20": "https://api.papermc.io/v2/projects/paper/versions/1.20/builds/17/downloads/paper-1.20-17.jar",
    "1.19.4": "https://api.papermc.io/v2/projects/paper/versions/1.19.4/builds/550/downloads/paper-1.19.4-550.jar",
    "1.19.3": "https://api.papermc.io/v2/projects/paper/versions/1.19.3/builds/448/downloads/paper-1.19.3-448.jar",
    "1.19.2": "https://api.papermc.io/v2/projects/paper/versions/1.19.2/builds/307/downloads/paper-1.19.2-307.jar",
    "1.19.1": "https://api.papermc.io/v2/projects/paper/versions/1.19.1/builds/111/downloads/paper-1.19.1-111.jar",
    "1.19": "https://api.papermc.io/v2/projects/paper/versions/1.19/builds/81/downloads/paper-1.19-81.jar",
    "1.18.2": "https://api.papermc.io/v2/projects/paper/versions/1.18.2/builds/388/downloads/paper-1.18.2-388.jar",
    "1.18.1": "https://api.papermc.io/v2/projects/paper/versions/1.18.1/builds/216/downloads/paper-1.18.1-216.jar",
    "1.18": "https://api.papermc.io/v2/projects/paper/versions/1.18/builds/66/downloads/paper-1.18-66.jar",
    "1.17.1": "https://api.papermc.io/v2/projects/paper/versions/1.17.1/builds/411/downloads/paper-1.17.1-411.jar",
    "1.17": "https://api.papermc.io/v2/projects/paper/versions/1.17/builds/79/downloads/paper-1.17-79.jar",
    "1.16.5": "https://api.papermc.io/v2/projects/paper/versions/1.16.5/builds/794/downloads/paper-1.16.5-794.jar",
    "1.16.4": "https://api.papermc.io/v2/projects/paper/versions/1.16.4/builds/416/downloads/paper-1.16.4-416.jar",
    "1.16.3": "https://api.papermc.io/v2/projects/paper/versions/1.16.3/builds/253/downloads/paper-1.16.3-253.jar",
    "1.16.2": "https://api.papermc.io/v2/projects/paper/versions/1.16.2/builds/189/downloads/paper-1.16.2-189.jar",
    "1.16.1": "https://api.papermc.io/v2/projects/paper/versions/1.16.1/builds/138/downloads/paper-1.16.1-138.jar",
    "1.15.2": "https://api.papermc.io/v2/projects/paper/versions/1.15.2/builds/393/downloads/paper-1.15.2-393.jar",
    "1.15.1": "https://api.papermc.io/v2/projects/paper/versions/1.15.1/builds/62/downloads/paper-1.15.1-62.jar",
    "1.15": "https://api.papermc.io/v2/projects/paper/versions/1.15/builds/21/downloads/paper-1.15-21.jar",
    "1.14.4": "https://api.papermc.io/v2/projects/paper/versions/1.14.4/builds/245/downloads/paper-1.14.4-245.jar",
    "1.14.3": "https://api.papermc.io/v2/projects/paper/versions/1.14.3/builds/134/downloads/paper-1.14.3-134.jar",
    "1.14.2": "https://api.papermc.io/v2/projects/paper/versions/1.14.2/builds/107/downloads/paper-1.14.2-107.jar",
    "1.14.1": "https://api.papermc.io/v2/projects/paper/versions/1.14.1/builds/50/downloads/paper-1.14.1-50.jar",
    "1.14": "https://api.papermc.io/v2/projects/paper/versions/1.14/builds/17/downloads/paper-1.14-17.jar",
    "1.13.2": "https://api.papermc.io/v2/projects/paper/versions/1.13.2/builds/657/downloads/paper-1.13.2-657.jar",
    "1.13.1": "https://api.papermc.io/v2/projects/paper/versions/1.13.1/builds/386/downloads/paper-1.13.1-386.jar",
    "1.13": "https://api.papermc.io/v2/projects/paper/versions/1.13/builds/173/downloads/paper-1.13-173.jar",
    "1.13-pre7": "https://api.papermc.io/v2/projects/paper/versions/1.13-pre7/builds/12/downloads/paper-1.13-pre7-12.jar",
    "1.12.2": "https://api.papermc.io/v2/projects/paper/versions/1.12.2/builds/1620/downloads/paper-1.12.2-1620.jar",
    "1.12.1": "https://api.papermc.io/v2/projects/paper/versions/1.12.1/builds/1204/downloads/paper-1.12.1-1204.jar",
    "1.12": "https://api.papermc.io/v2/projects/paper/versions/1.12/builds/1169/downloads/paper-1.12-1169.jar",
    "1.11.2": "https://api.papermc.io/v2/projects/paper/versions/1.11.2/builds/1106/downloads/paper-1.11.2-1106.jar",
    "1.10.2": "https://api.papermc.io/v2/projects/paper/versions/1.10.2/builds/918/downloads/paper-1.10.2-918.jar",
    "1.9.4": "https://api.papermc.io/v2/projects/paper/versions/1.9.4/builds/775/downloads/paper-1.9.4-775.jar",
    "1.8.8": "https://api.papermc.io/v2/projects/paper/versions/1.8.8/builds/445/downloads/paper-1.8.8-445.jar",
    "1.7.10": "https://api.papermc.io/v2/projects/paper/versions/1.7.10/builds/2025/downloads/paper-1.7.10-2025.jar"
  }
}